tahun,bulan,tanggal,arus,salinitas,suhu,modal,total_produksi
2011,8,10,,33,30,182520,1950
2011,8,11,,33,29,89107,952
2011,8,14,,33,30,145735,1557
2011,8,14,,33,30,114660,1225
2011,8,14,,33,30,915408,978
2011,8,17,,33,30,109980,1175
2011,8,17,,33,30,83210,889
2011,8,17,,33,30,210600,2250
2011,8,17,,33,30,11700,125
2011,8,18,,33,29,89575,957
2011,10,2,,33,31,60054,802
2011,10,2,,33,31,67841,906
2011,10,4,,33,31,823680,11000
2011,10,4,,33,31,99590,1330
2011,10,8,,33,28,66643,890
2011,10,8,,33,28,13853,185
2011,10,9,,33,30,71660,957
2011,10,10,,33,30,57059,762
2012,1,30,0.65,33,28,591365,7020
2012,1,31,0.65,33,28,130572,1550
2012,1,31,0.65,33,28,76237,905
2012,2,4,0.22,33,28,101088,1200
2012,2,5,0.22,33,29,42120,500
2012,2,5,0.22,33,29,42288,502
2012,7,5,0.36,33,29,150696,2300
2012,7,5,0.36,33,29,8190,125
2012,7,5,0.36,33,29,134775,2057
2012,7,7,0.36,33,29,62244,950
2012,7,7,0.36,33,29,85176,1300
2012,7,8,0.36,33,30,121212,1850
2012,7,9,0.17,33,30,85176,1300
2012,7,10,0.17,33,30,52416,800
2012,7,10,0.17,33,30,81900,1250
2012,7,10,0.17,33,30,62637,956
2012,8,5,0.28,33,30,63948,976
2012,8,10,0.28,33,31,49140,750
2012,8,10,0.28,33,31,45864,700
2012,8,11,0.28,33,31,39312,600
2012,8,12,0.28,33,31,55823,852
2012,8,15,0.28,33,31,76658,1170
2012,8,16,0.28,33,31,88452,1350
2012,8,17,0.28,33,31,55692,850
2012,8,20,0.32,33,32,75348,1150
2012,8,22,0.32,33,32,42588,650
2012,8,26,0.32,33,31,56010,748
2012,8,26,0.32,33,31,78399,1047
2012,8,26,0.32,33,31,34969,467
2012,8,26,0.32,33,31,83791,1119
2012,8,26,0.32,33,31,12505,167
2012,8,26,0.32,33,31,77725,1038
2012,8,26,0.32,33,31,89856,1200
2012,8,26,0.32,33,31,82368,1100
2012,8,26,0.32,33,31,92102,1230
2012,8,28,0.10,33,30,91129,1267
2012,8,28,0.10,33,30,125798,1680
2012,8,28,0.10,33,30,45228,604
2012,8,28,0.10,33,30,25834,345
2012,8,28,0.10,33,30,81825,1094
2012,8,28,0.10,33,30,15126,202
2012,8,31,0.10,33,31,95622,1277
2012,8,31,0.10,33,31,31515,481
2012,8,31,0.10,33,31,47764,729
2012,8,31,0.10,33,31,9435,144
2012,8,31,0.10,33,31,12692,193
2012,8,31,0.10,33,31,49599,757
2012,8,31,0.10,33,31,32760,823
2012,9,2,0.10,33,31,28136,501
2012,9,2,0.10,33,31,10221,182
2012,9,2,0.10,33,31,97625,1490
2012,9,2,0.10,33,31,2583,46
2012,9,3,0.21,33,31,97718,1740
2012,9,3,0.21,33,31,21491,328
2012,9,5,0.21,33,33,11859,181
2012,9,5,0.21,33,33,46922,716
2012,9,5,0.21,33,33,22866,349
2012,9,5,0.21,33,33,36953,658
2012,9,5,0.21,33,33,71211,1206
2012,9,6,0.21,33,32,12720,194
2012,9,6,0.21,33,32,41016,626
2012,9,6,0.21,33,32,37178,662
2012,9,6,0.21,33,32,29550,481
2012,9,6,0.21,33,32,28192,502
2012,9,8,0.21,33,32,62047,947
2012,9,8,0.21,33,32,89238,1362
2012,9,8,0.21,33,32,60868,929
2012,9,9,0.21,33,31,15070,230
2012,9,9,0.21,33,31,63096,963
2012,9,9,0.21,33,31,69779,1065
2012,9,10,0.16,33,31,19722,301
2012,9,10,0.16,33,31,134971,206
2012,9,10,0.16,33,31,19525,298
2012,9,12,0.16,33,32,109353,1669
2012,9,12,0.16,33,32,32891,502
2012,9,13,0.16,33,32,87011,1320
2012,9,13,0.16,33,32,85307,1302
2012,9,13,0.16,33,32,19197,293
2012,9,14,0.16,33,33,133268,203
2012,9,15,0.16,33,33,53726,820
2012,9,16,0.16,33,32,74300,1134
2012,9,16,0.16,33,32,80000,1221
2012,9,17,0.54,33,32,78427,1197
2012,9,17,0.54,33,32,49739,759
2012,9,21,0.54,33,32,65389,998
2012,9,24,0.54,33,32,128419,1960
2012,9,27,0.54,33,32,173890,2654
2012,9,28,0.54,33,32,193743,303
2012,9,30,0.54,33,32,109746,1189
2012,10,4,0.54,33,32,109746,1675
2012,10,7,0.54,33,31,19459,297
2012,10,7,0.54,33,31,40950,625
2012,10,24,0.23,33,33,68796,1050
2012,10,29,0.23,33,31,39967,610
2012,11,5,0.18,33,30,44628,596
2012,11,11,0.18,33,32,31300,418
2012,12,1,0.29,33,31,22464,300
2013,1,2,0.57,33,28,23962,320
2013,1,5,0.57,33,28,26208,350
2013,1,10,0.57,33,29,37440,500
2013,1,12,0.57,33,29,59221,703
2013,1,13,0.57,33,29,63180,750
2013,1,16,0.27,33,27,43805,520
2013,1,17,0.27,33,28,44900,533
2013,1,18,0.27,33,27,15500,184
2013,1,18,0.27,33,27,38919,462
2013,1,18,0.27,33,27,17438,900
2013,1,19,0.27,33,28,27799,330
2013,1,21,0.49,33,28,64865,770
2013,1,22,0.49,33,28,51134,607
2013,1,23,0.49,33,28,97971,1163
2013,1,24,0.49,33,28,26957,320
2013,1,28,0.49,33,28,55683,661
2013,1,29,0.49,33,27,102773,1220
2013,5,15,0.44,33,30,46051,328
2013,5,19,0.44,33,29,66690,475
2013,5,20,0.32,33,30,90006,601
2013,5,21,0.32,33,29,64097,428
2013,6,4,0.05,33,29,75180,502
2013,6,5,0.05,33,29,95949,603
2013,7,8,0.01,33,30,280800,2500
2013,7,10,0.01,33,29,482976,4300
2013,7,14,0.01,33,28,140400,1250
2013,7,14,0.01,33,28,84240,750
2013,7,14,0.01,33,28,56160,500
2013,7,15,0.07,33,29,80870,720
2013,7,15,0.07,33,29,64022,570
2013,7,15,0.07,33,29,47174,420
2013,7,15,0.07,33,29,93226,830
2013,7,15,0.07,33,29,47174,420
2013,7,16,0.07,33,28,64022,570
2013,7,16,0.07,33,28,52790,470
2013,7,16,0.07,33,28,80870,720
2013,10,5,0.17,33,31,35942,320
2013,10,5,0.17,33,31,22464,200
2013,10,5,0.17,33,31,44928,400
2013,10,7,0.17,33,30,70762,630
2013,10,7,0.17,33,30,33696,300
2013,10,9,0.17,33,30,47174,420
2013,10,9,0.17,33,30,41558,370
2013,10,9,0.17,33,30,52790,470
2013,10,11,0.17,33,31,87610,780
2013,10,11,0.17,33,31,47174,420
2013,10,12,0.17,33,32,34819,310
2013,10,13,0.17,33,30,44928,400
2013,10,13,0.17,33,30,44928,400
2013,10,13,0.17,33,30,24710,220
2013,10,15,0.37,33,31,33696,300
2013,10,15,0.37,33,31,64022,570
2013,10,17,0.37,33,31,50544,270
2013,10,17,0.37,33,31,50544,450
2013,10,17,0.37,33,31,87610,780
2013,10,17,0.37,33,31,28080,250
2013,10,18,0.37,33,29,28080,250
2013,12,13,0.27,33,29,35718,318
2013,12,16,0.27,33,29,80983,721
2013,12,16,0.27,33,29,39312,350
2013,12,16,0.27,33,29,11232,100
2013,12,16,0.27,33,29,12243,109
2013,12,27,0.63,33,30,57283,510
2013,12,27,0.63,33,30,45714,407
2013,12,27,0.63,33,30,48672,400
2014,1,1,0.20,33,27,88948,731
2014,1,1,0.20,33,27,46238,380
2014,1,1,0.20,33,27,37234,306
2014,1,1,0.20,33,27,15697,129
2014,1,1,0.20,33,27,60840,500
2014,1,1,0.20,33,27,15575,128
2014,1,1,0.20,33,27,10586,87
2014,1,1,0.20,33,27,7301,60
2014,1,4,0.20,33,29,31272,257
2014,1,4,0.20,33,29,8396,69
2014,1,4,0.20,33,29,6084,50
2014,1,8,0.13,33,27,61935,509
2014,1,8,0.13,33,27,43805,360
2014,1,8,0.13,33,27,55973,460
2014,1,8,0.13,33,27,65707,540
2014,1,9,0.13,33,29,2920,24
2014,1,9,0.13,33,29,144556,1188
2014,1,13,0.13,33,27,28698,219
2014,1,13,0.13,33,27,71304,586
2014,1,13,0.13,33,27,33705,277
2014,1,13,0.13,33,27,42466,349
2014,1,13,0.13,33,27,14723,121
2014,1,14,0.13,33,27,50376,414
2014,1,17,0.13,33,27,11681,96
2014,1,17,0.13,33,27,57433,472
2014,1,17,0.13,33,27,19834,163
2014,1,17,0.13,33,27,19104,157
2014,1,17,0.13,33,27,9734,80
2014,1,17,0.13,33,27,36504,300
2014,1,29,0.13,33,26,44413,365
2014,1,29,0.13,33,26,58163,478
2014,1,29,0.13,33,26,63274,520
2014,1,29,0.13,33,26,23606,194
2014,1,29,0.13,33,26,14602,120
2014,1,30,0.13,33,28,63030,518
2014,2,2,0.13,33,28,44778,368
2014,2,2,0.13,33,28,15940,131
2014,2,2,0.13,33,28,33705,277
2014,2,2,0.13,33,28,7544,62
2014,2,2,0.13,33,28,48672,400
2014,2,9,0.08,33,27,57920,476
2014,2,9,0.08,33,27,28230,232
2014,2,18,0.14,33,28,2808,25
2014,2,18,0.14,33,28,3931,42
2014,2,18,0.14,33,28,2583,23
2014,2,19,0.14,33,29,37112,305
2014,2,19,0.14,33,29,34192,281
2014,2,19,0.14,33,29,44657,367
2014,2,19,0.14,33,29,41980,345
2014,2,20,0.14,33,29,26040,214
2014,2,20,0.14,33,29,9004,74
2014,2,22,0.14,33,27,49280,405
2014,2,22,0.14,33,27,53661,441
2014,2,23,0.14,33,28,86880,714
2014,2,23,0.14,33,28,75320,619
2014,2,23,0.14,33,28,1947,16
2014,2,24,0.22,33,27,75320,619
2014,2,24,0.22,33,27,86880,714
2014,3,14,0.12,33,28,63180,450
2014,3,14,0.12,33,28,52416,400
2014,3,14,0.12,33,28,84240,600
2014,3,14,0.12,33,28,182520,1300
2014,3,14,0.12,33,28,42120,300
2014,3,24,0.01,33,28,254264,1811
2014,3,24,0.01,33,28,29624,211
2014,3,25,0.01,33,28,19094,136
2014,3,25,0.01,33,28,105300,500
2014,3,25,0.01,33,28,37346,266
2014,3,25,0.01,33,28,33696,240
2014,3,25,0.01,33,28,30326,216
2014,3,28,0.01,33,30,21060,150
2014,3,28,0.01,33,30,17129,122
2014,4,9,0.06,33,29,102586,685
2014,4,10,0.06,33,29,48672,325
2014,4,17,0.25,33,30,42981,287
2014,4,17,0.25,33,30,130591,872
2014,4,22,0.05,33,30,130956,823
2014,4,22,0.05,33,30,33415,210
2014,4,22,0.05,33,30,10109,72
2014,4,22,0.05,33,30,40735,256
2014,5,5,0.08,33,30,12917,69
2014,5,5,0.08,33,30,38750,207
2014,5,5,0.08,33,30,18907,101
2014,5,5,0.08,33,30,31824,170
2014,5,5,0.08,33,30,171475,916
2014,5,5,0.08,33,30,10296,55
2014,5,5,0.08,33,30,45490,243
2014,5,5,0.08,33,30,8798,47
2014,5,5,0.08,33,30,8050,43
2014,5,5,0.08,33,30,16848,90
2014,5,7,0.08,33,30,2246,12
2014,5,12,0.25,33,30,62712,361
2014,5,17,0.25,33,29,62712,335
2014,5,20,0.25,33,29,31637,169
2014,5,23,0.25,33,30,85251,414
2014,5,25,0.25,33,30,142085,690
2014,5,25,0.25,33,30,24299,118
2014,5,25,0.25,33,30,46950,228
2014,5,25,0.25,33,30,7207,35
2014,5,25,0.25,33,30,31918,155
2014,5,25,0.25,33,30,92870,451
2014,5,26,0.01,33,30,72278,351
2014,5,26,0.01,33,30,42831,208
2014,8,5,0.01,33,30,336960,3000
2014,8,5,0.01,33,30,190944,1700
2014,8,5,0.01,33,30,179712,1600
2014,8,5,0.01,33,30,303264,2700
2014,8,5,0.01,33,30,190944,1700
2014,8,5,0.01,33,30,359424,3200
2014,8,5,0.01,33,30,673920,6000
2014,8,5,0.01,33,30,146016,1300
2014,8,5,0.01,33,30,190944,1700
2014,8,5,0.01,33,30,168480,1500
2014,8,5,0.01,33,30,381888,3400
2014,8,5,0.01,33,30,269568,2400
2014,8,5,0.01,33,30,258336,2300
2014,8,5,0.01,33,30,146016,1300
2014,8,5,0.01,33,30,415584,3700
2014,8,5,0.01,33,30,97718,870
2014,8,5,0.01,33,30,134784,1200
2014,8,5,0.01,33,30,134784,1700
2014,8,5,0.01,33,30,190944,1200
2014,8,5,0.01,33,30,123552,1700
2014,8,5,0.01,33,30,134784,1200
2014,8,5,0.01,33,30,120182,1070
2014,8,5,0.01,33,30,303264,2700
2014,8,5,0.01,33,30,190944,1700
2014,8,5,0.01,33,30,123552,1100
2014,8,22,0.01,33,30,134784,1200
2014,8,23,0.01,33,30,120182,1070
2014,8,24,0.01,33,30,303264,2700
2014,8,25,0.40,33,30,190944,1700
2014,9,9,0.16,33,31,527904,4700
2014,9,9,0.16,33,31,292032,2600
2014,9,9,0.16,33,31,133998,1193
2014,9,10,0.16,33,30,100751,897
2014,9,10,0.16,33,30,131414,1170
2014,9,10,0.16,33,30,64022,570
2014,9,10,0.16,33,30,83117,740
2014,9,10,0.16,33,30,72222,643
2014,9,18,0.38,33,31,81994,730
2014,9,18,0.38,33,31,70874,631
2014,9,19,0.38,33,31,38750,345
2014,9,19,0.38,33,31,118048,1051
2014,9,20,0.38,33,31,130628,1163
2014,9,20,0.38,33,31,127820,1138
2014,9,20,0.38,33,31,40323,359
2014,9,22,0.38,33,30,208803,1859
2014,9,22,0.38,33,30,30102,268
2014,9,22,0.38,33,30,88854,863
2014,9,22,0.38,33,30,8312,74
2014,9,22,0.38,33,30,69910,679
2014,9,27,0.38,33,31,36729,327
2014,9,27,0.38,33,31,92102,820
2014,9,27,0.38,33,31,51480,500
2014,9,27,0.38,33,31,96595,860
2014,9,27,0.38,33,31,51480,502
2014,9,27,0.38,33,31,96595,826
2014,9,27,0.38,33,31,51686,679
2014,9,28,0.38,33,31,92776,2536
2014,9,29,0.23,33,31,69910,6046
2014,9,29,0.23,33,31,261107,296
2014,9,30,0.23,33,31,261107,558
2014,9,30,0.23,33,31,622496,1008
2014,9,30,0.23,33,31,622496,142
2014,10,7,0.24,33,31,32760,350
2014,10,7,0.24,33,31,43992,470
2014,10,7,0.24,33,31,23400,250
2014,10,7,0.24,33,31,53820,575
2014,10,10,0.24,33,31,44179,472
2014,10,10,0.24,33,31,24804,265
2014,10,10,0.24,33,31,33883,362
2014,10,10,0.24,33,31,24055,257
2014,10,10,0.24,33,31,60840,650
2014,10,10,0.24,33,31,43056,460
2014,10,10,0.24,33,31,5353920,57200
2014,10,10,0.24,33,31,42120,450
2014,10,20,0.24,33,31,26770,286
2014,10,20,0.24,33,31,52416,560
2014,10,27,0.01,33,31,48672,520
2014,10,27,0.01,33,31,48672,520
2014,10,27,0.01,33,31,18720,200
2014,10,27,0.01,33,31,45490,486
2015,4,1,0.13,33,29,374400,1000
2015,4,5,0.13,33,29,117936,700
2015,4,5,0.13,33,29,134784,800
2015,4,5,0.13,33,29,202176,1200
2015,4,5,0.13,33,29,151632,900
2015,4,5,0.13,33,29,117936,700
2015,4,5,0.13,33,29,109512,650
2015,4,5,0.13,33,29,117936,700
2015,4,5,0.13,33,29,101088,600
2015,4,10,0.13,33,30,202176,1200
2015,4,10,0.13,33,30,84240,500
2015,4,10,0.13,33,30,131414,780
2015,4,12,0.13,33,31,84240,500
2015,4,14,0.02,33,30,101088,600
2015,4,17,0.02,33,28,126360,750
2015,4,17,0.02,33,28,117936,900
2015,4,18,0.02,33,30,374400,700
2015,5,11,0.08,34,30,262080,700
2015,8,14,0.34,34,30,64771,692
2015,8,14,0.34,34,30,22183,237
2015,8,14,0.34,34,30,284544,3040
2015,8,14,0.34,34,30,31543,337
2015,8,14,0.34,34,30,23681,253
2015,8,14,0.34,34,30,17129,183
2015,8,18,0.28,34,30,60569,719
2015,8,18,0.28,34,30,49112,583
2015,8,18,0.28,34,30,56862,675
2015,8,18,0.28,34,30,58294,692
2015,8,18,0.28,34,30,25946,308
2015,8,21,0.28,34,30,99319,1179
2015,8,21,0.28,34,30,507041,6019
2015,8,22,0.28,34,30,179094,2126
2015,8,22,0.28,34,30,32685,388
2015,8,22,0.28,34,30,77248,917
2015,8,22,0.28,34,30,29989,356
2015,8,23,0.28,34,30,38076,452
2015,8,23,0.28,34,30,32180,382
2015,8,25,0.34,34,31,14658,174
2015,8,25,0.34,34,31,12299,146
2015,8,25,0.34,34,31,67645,803
2015,12,3,0.28,33,31,50825,543
2015,12,4,0.28,33,31,50076,535
2015,12,5,0.28,33,29,21341,228
2015,12,5,0.28,33,29,20592,220
2015,12,8,0.25,33,30,35942,384
2015,12,9,0.25,33,30,18158,194
2015,12,15,0.53,33,28,43992,470
2015,12,15,0.53,33,28,33602,359
2015,12,15,0.53,33,28,14040,150
2015,12,16,0.53,33,28,46800,500
2015,12,16,0.53,33,28,65520,700
2015,12,17,0.53,33,28,46800,500
2015,12,17,0.53,33,28,37440,400
2015,12,19,0.53,33,29,29016,310
2015,12,23,0.60,33,30,71136,760
2015,12,23,0.60,33,30,193752,2070
2015,12,23,0.60,33,30,24336,260
2015,12,27,0.60,33,30,93600,1000
2015,12,29,0.32,33,31,28080,300
2015,12,29,0.32,33,31,51480,550
2016,1,5,0.15,33,29,17784,190
2016,1,5,0.15,33,29,39780,425
2016,1,5,0.15,33,29,40716,435
2016,1,12,0.12,33,30,39874,426
2016,1,12,0.12,33,30,66924,550
2016,1,12,0.12,33,30,4980,38
2016,1,16,0.12,33,30,99253,964
2016,1,17,0.12,33,32,30888,300
2016,1,17,0.12,33,32,41184,400
2016,1,19,0.13,33,31,41671,371
2016,1,31,0.13,33,29,52790,470
2016,1,31,0.13,33,29,20555,183
2016,2,1,0.29,33,29,72896,649
2016,2,1,0.29,33,29,71997,641
2016,2,3,0.29,33,28,15837,141
2016,2,20,0.22,33,30,129842,1156
2016,2,23,0.22,33,30,16399,146
2016,2,25,0.22,33,28,82106,731
2016,2,25,0.22,33,28,21453,191
2016,2,28,0.01,33,29,83678,745
2016,2,28,0.01,33,29,127259,1133
2016,3,8,0.09,33,30,54700,487
2016,3,14,0.26,33,29,76602,682
2016,3,14,0.26,33,29,67954,605
2016,3,14,0.26,33,29,17073,152
2016,3,15,0.26,33,30,42794,381
2016,3,15,0.26,33,30,75928,676
2016,3,15,0.26,33,30,53689,478
2016,3,15,0.26,33,30,28642,255
2016,3,16,0.26,33,29,45265,403
2016,3,16,0.26,33,29,119508,1064
2016,3,16,0.26,33,29,48859,435
2016,3,19,0.26,33,30,54138,482
2016,3,19,0.26,33,30,39537,352
2016,3,19,0.26,33,30,122316,1089
2016,4,2,0.37,33,30,108052,962
2016,4,2,0.37,33,30,98168,874
2016,4,7,0.19,33,30,44703,398
2016,4,9,0.19,33,30,13478,120
2016,4,9,0.19,33,30,23138,206
2016,4,10,0.19,33,30,71548,637
2016,4,10,0.19,33,30,21341,190
2016,4,11,0.05,33,30,62787,559
2016,4,12,0.05,33,30,25946,231
2016,4,14,0.05,33,30,55486,494
2016,5,7,0.10,33,29,133848,1100
2016,5,7,0.10,33,29,109512,900
2016,5,7,0.10,33,29,146016,1200
2016,5,7,0.10,33,29,425880,3500
2016,5,7,0.10,33,29,851760,7000
2016,5,7,0.10,33,29,60840,500
2016,5,7,0.10,33,29,97344,800
2016,5,10,0.47,33,30,64125,527
2016,5,10,0.47,33,30,47577,391
2016,5,10,0.47,33,30,60475,497
2016,5,10,0.47,33,30,97344,800
2016,5,10,0.47,33,30,28108,231
2016,10,8,0.59,33,28,21434,229
2016,10,11,0.37,33,28,145080,1550
2016,10,12,0.37,33,28,46800,500
2016,10,17,0.07,33,30,33322,356
2016,10,20,0.07,33,28,468000,2000
2016,10,21,0.07,33,30,468000,2000
2016,10,21,0.07,33,30,56160,600
2016,10,26,0.15,33,28,59062,631
2016,10,26,0.15,33,28,22464,240
2016,10,26,0.15,33,28,9360,100
2016,10,27,0.15,33,28,121811,1446
2016,10,28,0.15,33,28,17943,213
2016,10,28,0.15,33,28,69245,822
2016,10,28,0.15,33,28,15669,186
2016,11,1,0.37,33,28,122279,1633
2016,11,1,0.37,33,28,34595,462
2016,11,1,0.37,33,28,28454,380
2016,11,3,0.59,33,29,33696,450
2016,11,4,0.59,33,28,29203,390
2016,11,4,0.59,33,28,14751,197
2016,11,5,0.59,33,30,29053,388
2016,11,6,0.59,33,29,41184,550
2016,11,6,0.59,33,29,161666,2159
2016,11,7,0.59,33,29,161666,2159
2016,11,8,0.59,33,29,60054,802
2016,11,8,0.59,33,29,52341,699
2016,11,9,0.59,33,28,52341,699
2016,11,10,0.37,33,29,149760,2000
2016,11,23,0.37,33,30,468000,2000
2016,11,24,0.15,33,29,82368,1100
2016,11,24,0.15,33,29,77651,1037
2016,11,24,0.15,33,29,129617,1731
2016,11,29,0.15,33,27,187200,2500
2016,12,7,0.64,33,29,96820,862
2016,12,7,0.64,33,29,16623,148
2016,12,7,0.64,33,29,51443,458
2016,12,9,0.16,33,29,31000,276
2016,12,9,0.16,33,29,31899,284
2016,12,9,0.16,33,29,87497,779
2016,12,9,0.16,33,29,192853,1717
2016,12,11,0.16,33,28,117000,500
2016,12,13,0.16,33,29,82106,731
2016,12,14,0.16,33,28,210937,1878
2016,12,15,0.16,33,29,67841,604
2016,12,19,0.19,33,29,49982,445
2016,12,20,0.19,33,29,51892,462
2016,12,20,0.19,33,29,8986,80
2016,12,20,0.19,33,29,370656,3300
2016,12,21,0.19,33,30,39200,349
2016,12,22,0.19,33,30,46725,416
2016,12,23,0.21,33,29,35493,316
2016,12,23,0.21,33,29,84465,752
2016,12,24,0.21,33,29,214307,1908
2017,1,5,0.09,33,28,514800,2200
2017,1,5,0.09,33,28,112320,800
2017,1,5,0.09,33,28,98280,700
2017,1,5,0.09,33,28,112320,800
2017,1,5,0.09,33,28,84240,600
2017,1,6,0.09,33,28,126360,900
2017,1,6,0.09,33,28,70200,500
2017,1,6,0.09,33,28,84240,600
2017,1,6,0.09,33,28,122148,870
2017,1,6,0.09,33,28,78624,560
2017,1,6,0.09,33,28,143208,1020
2017,1,6,0.09,33,28,130572,930
2017,1,8,0.09,33,29,106704,760
2017,1,8,0.09,33,29,80028,570
2017,1,8,0.09,33,29,168480,1200
2017,1,9,0.16,33,29,168480,1200
2017,1,10,0.16,33,27,154440,1100
2017,1,10,0.16,33,27,84240,600
2017,1,10,0.16,33,27,110916,790
2017,1,11,0.16,33,28,134784,960
2017,1,11,0.16,33,28,122148,870
2017,1,11,0.16,33,28,84240,600
2017,1,15,0.16,33,29,280800,1200
2017,1,15,0.16,33,29,234000,1000
2017,1,16,0.19,33,28,84240,600
2017,2,7,0.22,33,28,93366,665
2017,2,7,0.22,33,28,110916,790
2017,2,9,0.22,33,29,94068,670
2017,2,9,0.22,33,29,78624,560
2017,2,13,0.23,33,28,463320,3300
2017,2,13,0.23,33,28,136188,970
2017,2,15,0.23,33,27,136188,970
2017,2,15,0.23,33,27,115128,820
2017,2,16,0.23,33,27,101088,720
2017,2,16,0.23,33,27,64584,460
2017,2,18,0.23,33,28,89856,640
2017,2,18,0.23,33,28,106704,760
2017,2,19,0.23,33,28,73008,520
2017,2,19,0.23,33,28,84240,600
2017,2,19,0.23,33,28,56160,400
2017,2,20,0.10,33,28,129168,920
2017,2,20,0.10,33,28,98280,700
2017,2,21,0.10,33,27,87048,620
2017,2,21,0.10,33,27,164268,1170
2017,2,21,0.10,33,27,1404000,6000
2017,2,21,0.10,33,27,60372,430
2017,2,23,0.10,33,29,60372,430
2017,3,4,0.01,33,29,150134,802
2017,3,5,0.01,33,29,58032,310
2017,3,6,0.11,33,28,23213,124
2017,3,7,0.11,33,28,19094,102
2017,3,8,0.11,33,29,8424,45
2017,3,9,0.11,33,30,16286,87
2017,3,17,0.04,33,29,210600,900
2017,3,18,0.04,33,28,77688,332
2017,3,19,0.04,33,29,179244,766
2017,3,21,0.20,33,28,39499,211
2017,3,22,0.20,33,28,18720,100
2017,3,24,0.20,33,29,67860,290
2017,3,25,0.20,33,29,25974,111
2017,3,26,0.20,33,28,21528,92
2017,3,27,0.20,33,30,101088,432
2017,3,29,0.20,33,29,41558,222
2017,4,5,0.21,33,29,233064,1245
2017,4,8,0.21,33,28,18720,100
2017,4,9,0.21,33,28,17222,92
2017,4,11,0.19,33,28,55973,299
2017,4,14,0.19,33,29,166982,892
2017,4,17,0.21,33,30,47736,255
2017,4,19,0.21,33,30,125798,672
2017,4,22,0.21,33,29,187200,1000
2017,4,25,0.21,33,30,33134,177
2017,4,27,0.21,33,29,101837,544
2017,5,10,0.01,33,29,64125,527
2017,5,10,0.01,33,29,47577,391
2017,5,10,0.01,33,29,60475,497
2017,5,10,0.01,33,29,97344,800
2017,5,10,0.01,33,29,28108,231
2017,5,12,0.01,33,29,187200,1000
2017,5,14,0.01,33,30,54475,291
2017,5,15,0.41,33,30,560290,2993
2017,5,18,0.41,33,31,185702,992
2017,6,3,0.34,33,29,987667,5276
2017,7,14,0.18,33,28,1029974,5502
2017,8,12,0.29,33,29,1029974,5502
2017,9,14,0.26,33,31,686650,3668
2017,10,18,0.24,33,30,494582,2642
2017,11,17,0.30,33,29,494582,2642
2017,12,24,0.60,33,30,847735,3019
2018,1,15,0.09,33,29,275933,1474
2018,1,21,0.20,33,28,369158,1972
2018,1,29,0.10,33,28,182707,976
2018,2,15,0.50,33,27,931133,4974
2018,3,29,0.30,33,30,931133,4974
2018,4,21,0.00,33,30,997402,5328
2018,5,29,0.08,33,30,1446232,5328
2018,6,29,0.00,33,28,1446232,5328
2018,7,21,0.40,33,29,1246752,5328
2018,8,21,0.26,33,30,1463717,5585
2018,9,21,0.26,34,31,696946,3723
2018,10,21,0.26,34,31,499450,2668
2018,11,29,0.26,33,30,599340,2668
2018,12,29,0.26,33,30,799082,3049
2019,1,21,0.26,33,27,1054895,3758
2019,2,21,0.26,33,29,1108074,4228
2019,4,21,0.26,33,30,1196371,4262
2019,5,21,0.37,33,30,797846,4262
2019,6,21,0.37,33,30,997308,4262
2019,7,29,0.19,33,30,1039456,3703
2019,8,29,0.19,33,30,1039456,3703
2019,9,21,0.19,34,32,577512,2468
2019,10,21,0.19,34,33,494208,2640
2019,11,21,0.19,33,30,494208,2640
2019,12,21,0.47,33,31,706212,3018
2020,1,10,0.59,33,27,842400,3000
2020,2,10,0.37,33,29,947700,3375
2020,3,6,0.37,33,30,280800,1000
2020,3,7,0.07,33,29,744962,2653
2020,3,11,0.07,33,29,78062,278
2020,4,17,0.07,33,29,712670,2538
2020,5,6,0.07,33,28,712433,2538
2020,6,4,0.15,33,30,712433,2538
2020,7,7,0.15,33,28,193747,723
2020,7,14,0.15,33,29,24991,89
2020,7,16,0.15,33,29,155844,555
2020,7,19,0.15,33,30,245981,876
2020,7,21,0.15,33,29,378238,1347
2020,7,24,0.15,33,30,109729,422
2020,8,6,0.37,33,29,914846,3258
2020,9,16,0.37,34,30,609898,2172
2020,10,17,0.37,34,29,697788,2485
2020,11,12,0.59,33,30,697555,2485
2020,12,11,0.59,33,28,561600,2000
2020,12,16,0.59,33,29,212285,840
2021,1,18,0.59,33,27,639662,2278
2021,1,19,0.59,33,28,719747,2563
2021,1,20,0.59,33,28,719747,2563
2021,1,21,0.59,33,27,923944,3290
2021,1,22,0.59,33,29,923944,3290
2021,1,23,0.59,33,28,923944,3290
2021,1,24,0.54,33,27,957303,3409
2021,1,25,0.23,33,28,957303,3409
2021,1,26,0.23,33,28,638202,2273
2021,1,27,0.18,33,27,704864,2510
2021,1,28,0.18,33,27,704864,2510
2021,1,29,0.29,33,28,805559,2869
2021,2,18,0.57,33,28,957428,2563
2021,3,18,0.57,33,29,715612,2563
2021,4,18,0.57,33,28,923832,3290
2021,5,18,0.57,33,29,1077804,3290
2021,6,18,0.57,33,29,893038,3290
2021,7,18,0.27,33,30,861522,3409
2021,8,18,0.27,33,29,951504,3409
2021,9,18,0.27,33,31,638258,2273
2021,10,18,0.27,33,28,733000,2510
2021,11,18,0.27,33,29,801647,2519
2021,12,18,0.27,33,30,891072,2800
2022,1,18,0.49,33,28,646402,2302
2022,2,18,0.49,33,27,896380,2589
2022,3,18,0.49,33,29,702758,2589
2022,4,18,0.49,33,30,875347,3340
2022,5,18,0.49,33,29,941311,3340
2022,6,18,0.49,33,28,1094184,3340
2022,7,18,0.44,33,30,943797,3477
2022,8,18,0.44,33,30,976342,3477
2022,9,18,0.32,33,29,648725,2318
2022,10,18,0.32,33,29,687960,2450
2022,11,18,0.70,33,29,687960,2450
2022,12,18,0.80,33,30,786240,2800